sample_id,background_with_flare_events_test_chamfer_distance,background_with_flare_events_test_gaussian_distance,background_with_flare_events_testoutput_chamfer_distance,background_with_flare_events_testoutput_gaussian_distance
composed_00504,4.972622671650262,1.7187111220089801,4.841716065108632,1.7978271584982886
composed_00505,2.321784911707005,1.0730866395537335,2.8624414424399207,1.467534950577901
AVERAGE,3.6472037916786335,1.3958988807813568,3.8520787537742764,1.6326810545380948
